ID Componente,Name,Requisiti Funzionali,Requisiti Non Funzionali
1,CAN bus,"Blocco dell’avvio del veicolo  (B%20Analisi%20dei%20Requisiti/Requisiti%20Funzionali/Blocco%20dell%E2%80%99avvio%20del%20veicolo%2019a1100dcfbd816d8568c80ceac15f92.md), Controllo misurazione (B%20Analisi%20dei%20Requisiti/Requisiti%20Funzionali/Controllo%20misurazione%2019a1100dcfbd8168a563ed39b9a87fcc.md)",
2,Sensori a saliva (Dräger DrugTest 5000),"Misurazione di sostanze stupefacenti  (B%20Analisi%20dei%20Requisiti/Requisiti%20Funzionali/Misurazione%20di%20sostanze%20stupefacenti%2019a1100dcfbd8100bf0dfc27fcb71188.md), Controllo misurazione (B%20Analisi%20dei%20Requisiti/Requisiti%20Funzionali/Controllo%20misurazione%2019a1100dcfbd8168a563ed39b9a87fcc.md)","Tempo di risposta  (B%20Analisi%20dei%20Requisiti/Requisiti%20Non%20Funzionali/Tempo%20di%20risposta%2019a1100dcfbd81269f08d5a242c6d036.md), Affidabilità (B%20Analisi%20dei%20Requisiti/Requisiti%20Non%20Funzionali/Affidabilit%C3%A0%2019a1100dcfbd8176aa89ef8953ad5813.md), Precisione  (B%20Analisi%20dei%20Requisiti/Requisiti%20Non%20Funzionali/Precisione%2019a1100dcfbd812f9779f6ae7ff78da9.md), Compatibilità (tramite CAN BUS) (B%20Analisi%20dei%20Requisiti/Requisiti%20Non%20Funzionali/Compatibilit%C3%A0%20(tramite%20CAN%20BUS)%2019a1100dcfbd81d5a223e17c75426bcf.md)"
3,UI etilometro (User interface),Misurazione del tasso alcolemico  (B%20Analisi%20dei%20Requisiti/Requisiti%20Funzionali/Misurazione%20del%20tasso%20alcolemico%2019a1100dcfbd81478aa7f117bfc0bce8.md),
4,Etilometro (Dräger Interlock 7000),"Misurazione del tasso alcolemico  (B%20Analisi%20dei%20Requisiti/Requisiti%20Funzionali/Misurazione%20del%20tasso%20alcolemico%2019a1100dcfbd81478aa7f117bfc0bce8.md), Controllo misurazione (B%20Analisi%20dei%20Requisiti/Requisiti%20Funzionali/Controllo%20misurazione%2019a1100dcfbd8168a563ed39b9a87fcc.md)","Precisione  (B%20Analisi%20dei%20Requisiti/Requisiti%20Non%20Funzionali/Precisione%2019a1100dcfbd812f9779f6ae7ff78da9.md), Affidabilità (B%20Analisi%20dei%20Requisiti/Requisiti%20Non%20Funzionali/Affidabilit%C3%A0%2019a1100dcfbd8176aa89ef8953ad5813.md), Tempo di risposta  (B%20Analisi%20dei%20Requisiti/Requisiti%20Non%20Funzionali/Tempo%20di%20risposta%2019a1100dcfbd81269f08d5a242c6d036.md), Compatibilità (tramite CAN BUS) (B%20Analisi%20dei%20Requisiti/Requisiti%20Non%20Funzionali/Compatibilit%C3%A0%20(tramite%20CAN%20BUS)%2019a1100dcfbd81d5a223e17c75426bcf.md), Bassa Latenza  (B%20Analisi%20dei%20Requisiti/Requisiti%20Non%20Funzionali/Bassa%20Latenza%2019a1100dcfbd81af842beff3d9394ae4.md)"
5,Centralina IOT,"Connettività e Segnalazione in tempo reale (B%20Analisi%20dei%20Requisiti/Requisiti%20Funzionali/Connettivit%C3%A0%20e%20Segnalazione%20in%20tempo%20reale%2019a1100dcfbd81b09db3cfb166eabfa3.md), Visualizzazione storico delle segnalazioni (B%20Analisi%20dei%20Requisiti/Requisiti%20Funzionali/Visualizzazione%20storico%20delle%20segnalazioni%2019a1100dcfbd8157b9eef30462da37e6.md)","Bassa Latenza  (B%20Analisi%20dei%20Requisiti/Requisiti%20Non%20Funzionali/Bassa%20Latenza%2019a1100dcfbd81af842beff3d9394ae4.md), Affidabilità (B%20Analisi%20dei%20Requisiti/Requisiti%20Non%20Funzionali/Affidabilit%C3%A0%2019a1100dcfbd8176aa89ef8953ad5813.md), Fault Tollerance (fail safe) (B%20Analisi%20dei%20Requisiti/Requisiti%20Non%20Funzionali/Fault%20Tollerance%20(fail%20safe)%2019a1100dcfbd8145b207efe8c527a05d.md)"
6,UI sensori a saliva (User interface),Misurazione di sostanze stupefacenti  (B%20Analisi%20dei%20Requisiti/Requisiti%20Funzionali/Misurazione%20di%20sostanze%20stupefacenti%2019a1100dcfbd8100bf0dfc27fcb71188.md),
7,Server Centrale,"Visualizzazione delle segnalazioni (B%20Analisi%20dei%20Requisiti/Requisiti%20Funzionali/Visualizzazione%20delle%20segnalazioni%2019a1100dcfbd81b6b91ff33b7e840ca4.md), Visualizzazione storico delle segnalazioni (B%20Analisi%20dei%20Requisiti/Requisiti%20Funzionali/Visualizzazione%20storico%20delle%20segnalazioni%2019a1100dcfbd8157b9eef30462da37e6.md)",Affidabilità (B%20Analisi%20dei%20Requisiti/Requisiti%20Non%20Funzionali/Affidabilit%C3%A0%2019a1100dcfbd8176aa89ef8953ad5813.md)
8,Dashboard segnalazioni,Visualizzazione delle segnalazioni (B%20Analisi%20dei%20Requisiti/Requisiti%20Funzionali/Visualizzazione%20delle%20segnalazioni%2019a1100dcfbd81b6b91ff33b7e840ca4.md),Affidabilità (B%20Analisi%20dei%20Requisiti/Requisiti%20Non%20Funzionali/Affidabilit%C3%A0%2019a1100dcfbd8176aa89ef8953ad5813.md)
9,Centralina veicolo,Blocco dell’avvio del veicolo  (B%20Analisi%20dei%20Requisiti/Requisiti%20Funzionali/Blocco%20dell%E2%80%99avvio%20del%20veicolo%2019a1100dcfbd816d8568c80ceac15f92.md),Affidabilità (B%20Analisi%20dei%20Requisiti/Requisiti%20Non%20Funzionali/Affidabilit%C3%A0%2019a1100dcfbd8176aa89ef8953ad5813.md)